yearID,franchID,cluster
1946,BOS,1
1946,CLE,1
1946,DET,1
1946,NYY,1
1947,NYY,1
1948,LAD,1
1950,CHC,1
1950,CLE,1
1950,SFG,1
1951,CLE,1
1952,BOS,1
1952,LAD,1
1952,ATL,1
1952,CHC,1
1952,CIN,1
1952,CLE,1
1952,DET,1
1952,SFG,1
1952,NYY,1
1952,PIT,1
1953,LAD,1
1953,CLE,1
1953,ATL,1
1954,BAL,1
1954,LAD,1
1954,CLE,1
1954,ATL,1
1954,SFG,1
1954,NYY,1
1954,MIN,1
1955,BAL,1
1955,BOS,1
1955,LAD,1
1955,CHW,1
1955,CHC,1
1955,CLE,1
1955,ATL,1
1955,SFG,1
1955,NYY,1
1955,PHI,1
1955,PIT,1
1955,STL,1
1956,BAL,1
1956,LAD,1
1956,CHW,1
1956,CHC,1
1956,CIN,1
1956,CLE,1
1956,OAK,1
1956,ATL,1
1956,SFG,1
1956,NYY,1
1956,PHI,1
1956,PIT,1
1956,STL,1
1956,MIN,1
1957,BAL,1
1957,BOS,1
1957,LAD,1
1957,CHW,1
1957,CHC,1
1957,CLE,1
1957,DET,1
1957,OAK,1
1957,ATL,1
1957,SFG,1
1957,NYY,1
1957,PHI,1
1957,PIT,1
1957,STL,1
1957,MIN,1
1958,BAL,1
1958,BOS,1
1958,CHW,1
1958,CHC,1
1958,CIN,1
1958,CLE,1
1958,DET,1
1958,OAK,1
1958,LAD,1
1958,ATL,1
1958,NYY,1
1958,PHI,1
1958,PIT,1
1958,SFG,1
1958,STL,1
1958,MIN,1
1959,BAL,1
1959,BOS,1
1959,CHW,1
1959,CHC,1
1959,CIN,1
1959,CLE,1
1959,DET,1
1959,OAK,1
1959,ATL,1
1959,NYY,1
1959,PHI,1
1959,PIT,1
1959,SFG,1
1959,STL,1
1959,MIN,1
1960,BAL,1
1960,BOS,1
1960,CHW,1
1960,CHC,1
1960,CIN,1
1960,CLE,1
1960,DET,1
1960,OAK,1
1960,LAD,1
1960,ATL,1
1960,NYY,1
1960,PHI,1
1960,PIT,1
1960,SFG,1
1960,STL,1
1960,MIN,1
1961,BAL,1
1961,BOS,1
1961,CHW,1
1961,CIN,1
1961,CLE,1
1961,DET,1
1961,OAK,1
1961,MIN,1
1961,ATL,1
1961,NYY,1
1961,PHI,1
1961,PIT,1
1961,SFG,1
1961,STL,1
1961,TEX,1
1962,BAL,1
1962,BOS,1
1962,CHW,1
1962,CHC,1
1962,CIN,1
1962,CLE,1
1962,DET,1
1962,HOU,1
1962,OAK,1
1962,ANA,1
1962,LAD,1
1962,MIN,1
1962,ATL,1
1962,NYY,1
1962,NYM,1
1962,PHI,1
1962,PIT,1
1962,SFG,1
1962,STL,1
1962,TEX,1
1963,BAL,1
1963,CHW,1
1963,CHC,1
1963,CIN,1
1963,DET,1
1963,HOU,1
1963,OAK,1
1963,ANA,1
1963,LAD,1
1963,MIN,1
1963,ATL,1
1963,NYY,1
1963,NYM,1
1963,PHI,1
1963,PIT,1
1963,SFG,1
1963,STL,1
1963,TEX,1
1964,BAL,1
1964,CHW,1
1964,CHC,1
1964,CIN,1
1964,DET,1
1964,HOU,1
1964,ANA,1
1964,LAD,1
1964,ATL,1
1964,NYY,1
1964,NYM,1
1964,PHI,1
1964,PIT,1
1964,SFG,1
1964,STL,1
1964,TEX,1
1965,BAL,1
1965,ANA,1
1965,CHW,1
1965,CHC,1
1965,CLE,1
1965,DET,1
1965,HOU,1
1965,OAK,1
1965,LAD,1
1965,MIN,1
1965,ATL,1
1965,NYY,1
1965,NYM,1
1965,PIT,1
1965,SFG,1
1965,STL,1
1965,TEX,1
1966,ATL,1
1966,BAL,1
1966,BOS,1
1966,ANA,1
1966,CHW,1
1966,CLE,1
1966,HOU,1
1966,OAK,1
1966,LAD,1
1966,MIN,1
1966,NYY,1
1966,NYM,1
1966,PHI,1
1966,PIT,1
1966,SFG,1
1966,STL,1
1966,TEX,1
1967,ATL,1
1967,BAL,1
1967,BOS,1
1967,ANA,1
1967,CHW,1
1967,CHC,1
1967,CIN,1
1967,CLE,1
1967,DET,1
1967,HOU,1
1967,OAK,1
1967,LAD,1
1967,MIN,1
1967,NYY,1
1967,NYM,1
1967,PHI,1
1967,PIT,1
1967,SFG,1
1967,STL,1
1967,TEX,1
1968,ATL,1
1968,BAL,1
1968,BOS,1
1968,ANA,1
1968,CHW,1
1968,CHC,1
1968,CIN,1
1968,CLE,1
1968,DET,1
1968,HOU,1
1968,LAD,1
1968,MIN,1
1968,NYY,1
1968,NYM,1
1968,OAK,1
1968,PHI,1
1968,PIT,1
1968,SFG,1
1968,STL,1
1968,TEX,1
1969,ATL,1
1969,BAL,1
1969,BOS,1
1969,ANA,1
1969,CHW,1
1969,CHC,1
1969,CLE,1
1969,DET,1
1969,KCR,1
1969,LAD,1
1969,MIN,1
1969,WSN,1
1969,NYY,1
1969,NYM,1
1969,OAK,1
1969,SDP,1
1969,MIL,1
1969,SFG,1
1969,STL,1
1969,TEX,1
1970,ATL,1
1970,BAL,1
1970,BOS,1
1970,ANA,1
1970,CHW,1
1970,CHC,1
1970,CIN,1
1970,CLE,1
1970,DET,1
1970,HOU,1
1970,KCR,1
1970,LAD,1
1970,MIN,1
1970,MIL,1
1970,WSN,1
1970,NYY,1
1970,OAK,1
1970,PIT,1
1970,TEX,1
1971,ATL,1
1971,BAL,1
1971,BOS,1
1971,ANA,1
1971,CHW,1
1971,CHC,1
1971,CIN,1
1971,CLE,1
1971,DET,1
1971,HOU,1
1971,KCR,1
1971,LAD,1
1971,MIN,1
1971,MIL,1
1971,WSN,1
1971,NYY,1
1971,NYM,1
1971,OAK,1
1971,PHI,1
1971,PIT,1
1971,SDP,1
1971,SFG,1
1971,STL,1
1971,TEX,1
1972,ATL,1
1972,BAL,1
1972,BOS,1
1972,ANA,1
1972,CHW,1
1972,CHC,1
1972,CIN,1
1972,CLE,1
1972,DET,1
1972,KCR,1
1972,LAD,1
1972,MIN,1
1972,MIL,1
1972,WSN,1
1972,NYM,1
1972,OAK,1
1972,PHI,1
1972,PIT,1
1972,SDP,1
1972,SFG,1
1972,STL,1
1972,TEX,1
1973,ATL,1
1973,BAL,1
1973,BOS,1
1973,ANA,1
1973,CHW,1
1973,CHC,1
1973,CIN,1
1973,CLE,1
1973,DET,1
1973,HOU,1
1973,KCR,1
1973,LAD,1
1973,MIN,1
1973,MIL,1
1973,WSN,1
1973,NYY,1
1973,NYM,1
1973,OAK,1
1973,PHI,1
1973,PIT,1
1973,SDP,1
1973,SFG,1
1973,STL,1
1973,TEX,1
1974,ATL,1
1974,BAL,1
1974,BOS,1
1974,ANA,1
1974,CHW,1
1974,CHC,1
1974,CIN,1
1974,CLE,1
1974,DET,1
1974,HOU,1
1974,KCR,1
1974,LAD,1
1974,MIN,1
1974,MIL,1
1974,WSN,1
1974,NYY,1
1974,NYM,1
1974,OAK,1
1974,PHI,1
1974,PIT,1
1974,SDP,1
1974,SFG,1
1974,STL,1
1974,TEX,1
1975,ATL,1
1975,BAL,1
1975,BOS,1
1975,ANA,1
1975,CHW,1
1975,CHC,1
1975,CIN,1
1975,CLE,1
1975,DET,1
1975,HOU,1
1975,KCR,1
1975,LAD,1
1975,MIN,1
1975,MIL,1
1975,WSN,1
1975,NYY,1
1975,NYM,1
1975,OAK,1
1975,PHI,1
1975,PIT,1
1975,SDP,1
1975,SFG,1
1975,STL,1
1975,TEX,1
1976,ATL,1
1976,BAL,1
1976,BOS,1
1976,ANA,1
1976,CHW,1
1976,CHC,1
1976,CIN,1
1976,CLE,1
1976,DET,1
1976,HOU,1
1976,LAD,1
1976,MIN,1
1976,MIL,1
1976,WSN,1
1976,NYM,1
1976,OAK,1
1976,PHI,1
1976,PIT,1
1976,SFG,1
1976,STL,1
1976,TEX,1
1977,BAL,1
1977,BOS,1
1977,ANA,1
1977,CHC,1
1977,CIN,1
1977,CLE,1
1977,DET,1
1977,HOU,1
1977,KCR,1
1977,LAD,1
1977,MIL,1
1977,WSN,1
1977,NYY,1
1977,NYM,1
1977,OAK,1
1977,PHI,1
1977,PIT,1
1977,SEA,1
1977,SFG,1
1977,STL,1
1977,TEX,1
1977,TOR,1
1978,ATL,1
1978,BAL,1
1978,BOS,1
1978,ANA,1
1978,CHW,1
1978,CHC,1
1978,CIN,1
1978,CLE,1
1978,DET,1
1978,HOU,1
1978,LAD,1
1978,MIN,1
1978,MIL,1
1978,WSN,1
1978,NYY,1
1978,NYM,1
1978,OAK,1
1978,PHI,1
1978,PIT,1
1978,SDP,1
1978,SEA,1
1978,SFG,1
1978,STL,1
1978,TEX,1
1978,TOR,1
1979,ATL,1
1979,BAL,1
1979,ANA,1
1979,CHC,1
1979,CIN,1
1979,CLE,1
1979,DET,1
1979,HOU,1
1979,LAD,1
1979,WSN,1
1979,NYY,1
1979,NYM,1
1979,OAK,1
1979,PHI,1
1979,PIT,1
1979,SDP,1
1979,SFG,1
1979,STL,1
1979,TEX,1
1980,ATL,1
1980,BAL,1
1980,ANA,1
1980,CHW,1
1980,CHC,1
1980,CIN,1
1980,DET,1
1980,HOU,1
1980,LAD,1
1980,MIN,1
1980,WSN,1
1980,NYY,1
1980,NYM,1
1980,OAK,1
1980,PHI,1
1980,PIT,1
1980,SDP,1
1980,SEA,1
1980,SFG,1
1980,STL,1
1980,TOR,1
1981,ATL,1
1981,BAL,1
1981,BOS,1
1981,ANA,1
1981,CHW,1
1981,CHC,1
1981,CIN,1
1981,CLE,1
1981,DET,1
1981,HOU,1
1981,LAD,1
1981,MIN,1
1981,MIL,1
1981,WSN,1
1981,NYY,1
1981,NYM,1
1981,OAK,1
1981,PHI,1
1981,PIT,1
1981,SDP,1
1981,SEA,1
1981,SFG,1
1981,STL,1
1981,TEX,1
1981,TOR,1
1982,ATL,1
1982,BAL,1
1982,BOS,1
1982,ANA,1
1982,CHW,1
1982,CHC,1
1982,CIN,1
1982,CLE,1
1982,DET,1
1982,HOU,1
1982,LAD,1
1982,MIN,1
1982,WSN,1
1982,NYY,1
1982,NYM,1
1982,OAK,1
1982,PHI,1
1982,PIT,1
1982,SDP,1
1982,SEA,1
1982,SFG,1
1982,STL,1
1982,TEX,1
1982,TOR,1
1983,ATL,1
1983,BAL,1
1983,BOS,1
1983,CHW,1
1983,CHC,1
1983,CIN,1
1983,CLE,1
1983,DET,1
1983,HOU,1
1983,LAD,1
1983,MIN,1
1983,WSN,1
1983,NYY,1
1983,NYM,1
1983,OAK,1
1983,PHI,1
1983,PIT,1
1983,SDP,1
1983,SEA,1
1983,SFG,1
1983,STL,1
1983,TEX,1
1983,TOR,1
1984,ATL,1
1984,BAL,1
1984,BOS,1
1984,ANA,1
1984,CHW,1
1984,CHC,1
1984,CIN,1
1984,CLE,1
1984,DET,1
1984,HOU,1
1984,KCR,1
1984,LAD,1
1984,MIN,1
1984,MIL,1
1984,WSN,1
1984,NYY,1
1984,NYM,1
1984,OAK,1
1984,PIT,1
1984,SDP,1
1984,SEA,1
1984,STL,1
1984,TEX,1
1984,TOR,1
1985,ATL,1
1985,BAL,1
1985,BOS,1
1985,ANA,1
1985,CHW,1
1985,CHC,1
1985,CIN,1
1985,CLE,1
1985,DET,1
1985,HOU,1
1985,KCR,1
1985,LAD,1
1985,MIN,1
1985,MIL,1
1985,WSN,1
1985,NYY,1
1985,NYM,1
1985,OAK,1
1985,PHI,1
1985,PIT,1
1985,SDP,1
1985,SEA,1
1985,SFG,1
1985,STL,1
1985,TEX,1
1985,TOR,1
1986,ATL,1
1986,BAL,1
1986,BOS,1
1986,ANA,1
1986,CHW,1
1986,CIN,1
1986,CLE,1
1986,DET,1
1986,HOU,1
1986,KCR,1
1986,LAD,1
1986,MIL,1
1986,NYY,1
1986,NYM,1
1986,OAK,1
1986,PIT,1
1986,SDP,1
1986,SFG,1
1986,STL,1
1987,ATL,1
1987,CHW,1
1987,KCR,1
1987,LAD,1
1987,PIT,1
1987,SDP,1
1987,SEA,1
1987,STL,1
1988,ATL,1
1988,BAL,1
1988,BOS,1
1988,ANA,1
1988,CHW,1
1988,CHC,1
1988,CIN,1
1988,CLE,1
1988,DET,1
1988,HOU,1
1988,KCR,1
1988,LAD,1
1988,MIN,1
1988,MIL,1
1988,WSN,1
1988,NYM,1
1988,OAK,1
1988,PHI,1
1988,PIT,1
1988,SDP,1
1988,SEA,1
1988,SFG,1
1988,STL,1
1988,TEX,1
1988,TOR,1
1989,ATL,1
1989,BAL,1
1989,BOS,1
1989,ANA,1
1989,CHW,1
1989,CHC,1
1989,CIN,1
1989,CLE,1
1989,DET,1
1989,HOU,1
1989,KCR,1
1989,LAD,1
1989,MIN,1
1989,MIL,1
1989,WSN,1
1989,NYY,1
1989,NYM,1
1989,OAK,1
1989,PHI,1
1989,PIT,1
1989,SDP,1
1989,SEA,1
1989,SFG,1
1989,STL,1
1989,TOR,1
1990,BAL,1
1990,BOS,1
1990,ANA,1
1990,CHW,1
1990,CHC,1
1990,CIN,1
1990,CLE,1
1990,DET,1
1990,HOU,1
1990,KCR,1
1990,LAD,1
1990,MIN,1
1990,MIL,1
1990,WSN,1
1990,NYY,1
1990,OAK,1
1990,PHI,1
1990,PIT,1
1990,SDP,1
1990,SEA,1
1990,SFG,1
1990,STL,1
1990,TOR,1
1991,ATL,1
1991,BOS,1
1991,ANA,1
1991,CHW,1
1991,CHC,1
1991,CLE,1
1991,LAD,1
1991,MIN,1
1991,MIL,1
1991,WSN,1
1991,NYY,1
1991,NYM,1
1991,OAK,1
1991,PHI,1
1991,PIT,1
1991,SDP,1
1991,SEA,1
1991,SFG,1
1991,STL,1
1991,TOR,1
1992,ATL,1
1992,BAL,1
1992,BOS,1
1992,ANA,1
1992,CHW,1
1992,CHC,1
1992,CIN,1
1992,CLE,1
1992,DET,1
1992,HOU,1
1992,KCR,1
1992,LAD,1
1992,MIN,1
1992,MIL,1
1992,WSN,1
1992,NYY,1
1992,NYM,1
1992,OAK,1
1992,PHI,1
1992,PIT,1
1992,SDP,1
1992,SEA,1
1992,SFG,1
1992,STL,1
1992,TOR,1
1993,ATL,1
1993,BAL,1
1993,BOS,1
1993,ANA,1
1993,CHW,1
1993,CHC,1
1993,FLA,1
1993,HOU,1
1993,KCR,1
1993,LAD,1
1993,MIN,1
1993,MIL,1
1993,WSN,1
1993,NYM,1
1993,SFG,1
1993,STL,1
1994,SFG,1
1995,KCR,1
1995,STL,1
2002,ANA,1
2002,DET,1
2002,SFG,1
2002,STL,1
2003,ANA,1
2003,NYM,1
2003,OAK,1
2005,MIN,1
2005,OAK,1
2005,SEA,1
2005,SFG,1
2005,STL,1
1871,BNA,2
1871,CNA,2
1871,CFC,2
1871,KEK,2
1871,NNA,2
1871,PNA,2
1871,ROK,2
1871,TRO,2
1871,OLY,2
1872,BLC,2
1872,ECK,2
1872,BRA,2
1872,BNA,2
1872,CFC,2
1872,MAN,2
1872,NNA,2
1872,PNA,2
1872,TRO,2
1872,OLY,2
1872,NAT,2
1873,BLC,2
1873,MAR,2
1873,BRA,2
1873,BNA,2
1873,RES,2
1873,NNA,2
1873,PNA,2
1873,PWS,2
1873,WBL,2
1898,LAD,3
1898,ATL,3
1898,STL,3
1899,ATL,3
1901,LAD,3
1901,CIN,3
1902,BOS,3
1902,CLE,3
1911,ATL,3
1912,ATL,3
1912,STL,3
1919,PHI,3
1920,BOS,3
1920,CHW,3
1920,CLE,3
1920,DET,3
1920,NYY,3
1920,OAK,3
1920,PHI,3
1920,BAL,3
1920,STL,3
1920,MIN,3
1921,BOS,3
1921,LAD,3
1921,ATL,3
1921,CHW,3
1921,CHC,3
1921,CLE,3
1921,DET,3
1921,SFG,3
1921,NYY,3
1921,OAK,3
1921,PHI,3
1921,PIT,3
1921,BAL,3
1921,STL,3
1921,MIN,3
1922,BOS,3
1922,LAD,3
1922,ATL,3
1922,CHW,3
1922,CHC,3
1922,CIN,3
1922,CLE,3
1922,DET,3
1922,SFG,3
1922,NYY,3
1922,OAK,3
1922,PHI,3
1922,PIT,3
1922,BAL,3
1922,STL,3
1922,MIN,3
1923,BOS,3
1923,LAD,3
1923,ATL,3
1923,CHW,3
1923,CHC,3
1923,CIN,3
1923,CLE,3
1923,DET,3
1923,SFG,3
1923,NYY,3
1923,OAK,3
1923,PHI,3
1923,PIT,3
1923,BAL,3
1923,STL,3
1923,MIN,3
1924,BOS,3
1924,LAD,3
1924,ATL,3
1924,CHW,3
1924,CHC,3
1924,CIN,3
1924,CLE,3
1924,DET,3
1924,SFG,3
1924,NYY,3
1924,OAK,3
1924,PHI,3
1924,PIT,3
1924,BAL,3
1924,STL,3
1924,MIN,3
1925,BOS,3
1925,LAD,3
1925,ATL,3
1925,CHW,3
1925,CHC,3
1925,CIN,3
1925,CLE,3
1925,DET,3
1925,SFG,3
1925,NYY,3
1925,OAK,3
1925,PHI,3
1925,PIT,3
1925,BAL,3
1925,STL,3
1925,MIN,3
1926,BOS,3
1926,ATL,3
1926,CHW,3
1926,CIN,3
1926,CLE,3
1926,DET,3
1926,SFG,3
1926,NYY,3
1926,PHI,3
1926,PIT,3
1926,BAL,3
1926,STL,3
1926,MIN,3
1927,BOS,3
1927,ATL,3
1927,CHW,3
1927,CHC,3
1927,CIN,3
1927,CLE,3
1927,DET,3
1927,SFG,3
1927,NYY,3
1927,OAK,3
1927,PHI,3
1927,PIT,3
1927,BAL,3
1927,STL,3
1927,MIN,3
1928,BOS,3
1928,ATL,3
1928,CHW,3
1928,CHC,3
1928,CIN,3
1928,CLE,3
1928,DET,3
1928,SFG,3
1928,NYY,3
1928,OAK,3
1928,PHI,3
1928,PIT,3
1928,BAL,3
1928,STL,3
1928,MIN,3
1929,BOS,3
1929,LAD,3
1929,ATL,3
1929,CHW,3
1929,CHC,3
1929,CIN,3
1929,CLE,3
1929,DET,3
1929,SFG,3
1929,NYY,3
1929,OAK,3
1929,PHI,3
1929,PIT,3
1929,BAL,3
1929,STL,3
1929,MIN,3
1930,BOS,3
1930,LAD,3
1930,ATL,3
1930,CHW,3
1930,CHC,3
1930,CIN,3
1930,CLE,3
1930,DET,3
1930,SFG,3
1930,NYY,3
1930,OAK,3
1930,PIT,3
1930,BAL,3
1930,STL,3
1930,MIN,3
1931,BOS,3
1931,LAD,3
1931,CHW,3
1931,CHC,3
1931,CIN,3
1931,CLE,3
1931,DET,3
1931,SFG,3
1931,NYY,3
1931,OAK,3
1931,PHI,3
1931,PIT,3
1931,BAL,3
1931,STL,3
1931,MIN,3
1932,BOS,3
1932,LAD,3
1932,ATL,3
1932,CHW,3
1932,CHC,3
1932,CIN,3
1932,CLE,3
1932,DET,3
1932,SFG,3
1932,NYY,3
1932,OAK,3
1932,PHI,3
1932,PIT,3
1932,BAL,3
1932,STL,3
1932,MIN,3
1933,BOS,3
1933,LAD,3
1933,CHW,3
1933,CLE,3
1933,DET,3
1933,NYY,3
1933,OAK,3
1933,PHI,3
1933,PIT,3
1933,BAL,3
1933,STL,3
1933,MIN,3
1934,BOS,3
1934,LAD,3
1934,ATL,3
1934,CHW,3
1934,CHC,3
1934,CIN,3
1934,CLE,3
1934,DET,3
1934,SFG,3
1934,NYY,3
1934,OAK,3
1934,PHI,3
1934,PIT,3
1934,BAL,3
1934,STL,3
1934,MIN,3
1935,BOS,3
1935,LAD,3
1935,ATL,3
1935,CHW,3
1935,CHC,3
1935,CIN,3
1935,CLE,3
1935,DET,3
1935,SFG,3
1935,NYY,3
1935,OAK,3
1935,PHI,3
1935,PIT,3
1935,BAL,3
1935,STL,3
1935,MIN,3
1936,BOS,3
1936,LAD,3
1936,ATL,3
1936,CHW,3
1936,CHC,3
1936,CIN,3
1936,CLE,3
1936,DET,3
1936,SFG,3
1936,NYY,3
1936,OAK,3
1936,PHI,3
1936,PIT,3
1936,BAL,3
1936,STL,3
1936,MIN,3
1937,BOS,3
1937,LAD,3
1937,CHW,3
1937,CHC,3
1937,CLE,3
1937,DET,3
1937,SFG,3
1937,NYY,3
1937,OAK,3
1937,PHI,3
1937,PIT,3
1937,BAL,3
1937,STL,3
1937,MIN,3
1938,BOS,3
1938,LAD,3
1938,CHW,3
1938,CHC,3
1938,CIN,3
1938,CLE,3
1938,DET,3
1938,SFG,3
1938,NYY,3
1938,OAK,3
1938,PHI,3
1938,PIT,3
1938,BAL,3
1938,STL,3
1938,MIN,3
1939,BOS,3
1939,LAD,3
1939,ATL,3
1939,CHW,3
1939,CHC,3
1939,CIN,3
1939,CLE,3
1939,DET,3
1939,SFG,3
1939,NYY,3
1939,OAK,3
1939,PHI,3
1939,PIT,3
1939,BAL,3
1939,STL,3
1939,MIN,3
1940,BOS,3
1940,LAD,3
1940,ATL,3
1940,CHW,3
1940,CHC,3
1940,CLE,3
1940,DET,3
1940,SFG,3
1940,NYY,3
1940,OAK,3
1940,PIT,3
1940,BAL,3
1940,STL,3
1940,MIN,3
1941,BOS,3
1941,LAD,3
1941,ATL,3
1941,CHW,3
1941,CLE,3
1941,DET,3
1941,SFG,3
1941,NYY,3
1941,OAK,3
1941,PHI,3
1941,PIT,3
1941,BAL,3
1941,STL,3
1941,MIN,3
1942,BOS,3
1942,CHC,3
1942,OAK,3
1942,BAL,3
1942,MIN,3
1943,LAD,3
1943,SFG,3
1944,BOS,3
1944,LAD,3
1944,CHC,3
1944,CLE,3
1944,SFG,3
1944,NYY,3
1944,PIT,3
1945,BOS,3
1945,LAD,3
1945,ATL,3
1945,CIN,3
1945,SFG,3
1945,PHI,3
1945,PIT,3
1945,STL,3
1946,BAL,3
1946,MIN,3
1947,BOS,3
1947,LAD,3
1947,ATL,3
1947,CHC,3
1947,CIN,3
1947,SFG,3
1947,PIT,3
1947,STL,3
1948,BOS,3
1948,ATL,3
1948,CHW,3
1948,CHC,3
1948,CIN,3
1948,CLE,3
1948,DET,3
1948,SFG,3
1948,NYY,3
1948,OAK,3
1948,PHI,3
1948,PIT,3
1948,BAL,3
1948,STL,3
1948,MIN,3
1949,BOS,3
1949,LAD,3
1949,ATL,3
1949,CHW,3
1949,CHC,3
1949,CIN,3
1949,DET,3
1949,SFG,3
1949,NYY,3
1949,OAK,3
1949,PHI,3
1949,PIT,3
1949,BAL,3
1949,STL,3
1949,MIN,3
1950,BOS,3
1950,LAD,3
1950,ATL,3
1950,CHW,3
1950,CIN,3
1950,DET,3
1950,NYY,3
1950,OAK,3
1950,PHI,3
1950,PIT,3
1950,BAL,3
1950,STL,3
1950,MIN,3
1951,BOS,3
1951,LAD,3
1951,ATL,3
1951,CHW,3
1951,CHC,3
1951,DET,3
1951,SFG,3
1951,OAK,3
1951,PHI,3
1951,PIT,3
1951,BAL,3
1951,STL,3
1951,MIN,3
1952,OAK,3
1952,BAL,3
1953,BOS,3
1953,CHC,3
1953,CIN,3
1953,DET,3
1953,SFG,3
1953,NYY,3
1953,OAK,3
1953,PHI,3
1953,PIT,3
1953,BAL,3
1953,STL,3
1954,BOS,3
1954,CHC,3
1954,CIN,3
1954,OAK,3
1954,PIT,3
1954,STL,3
1955,CIN,3
1955,DET,3
1955,OAK,3
1955,MIN,3
1956,BOS,3
1956,DET,3
1957,CIN,3
1977,CHW,3
1977,MIN,3
1979,BOS,3
1979,CHW,3
1979,KCR,3
1979,MIN,3
1979,MIL,3
1979,SEA,3
1979,TOR,3
1980,BOS,3
1980,CLE,3
1980,KCR,3
1980,MIL,3
1980,TEX,3
1982,KCR,3
1982,MIL,3
1983,ANA,3
1983,KCR,3
1983,MIL,3
1886,LAD,4
1886,ATL,4
1886,CHC,4
1886,CIN,4
1886,DTN,4
1886,KCN,4
1886,LOU,4
1886,PHA,4
1886,STL,4
1887,BLO,4
1887,LAD,4
1887,ATL,4
1887,CHC,4
1887,CLV,4
1887,CIN,4
1887,DTN,4
1887,IND,4
1887,LOU,4
1887,SFG,4
1887,NYP,4
1887,PHA,4
1887,PHI,4
1887,PIT,4
1887,STL,4
1887,WNL,4
1888,BLO,4
1888,CLV,4
1888,CIN,4
1888,DTN,4
1888,IND,4
1888,KCC,4
1888,LOU,4
1888,PHA,4
1889,BLO,4
1889,LAD,4
1889,ATL,4
1889,CHC,4
1889,CLV,4
1889,CLS,4
1889,CIN,4
1889,IND,4
1889,KCC,4
1889,LOU,4
1889,SFG,4
1889,PHA,4
1889,PHI,4
1889,PIT,4
1889,STL,4
1889,WNL,4
1890,BFB,4
1890,BRG,4
1890,LAD,4
1890,BWW,4
1890,ATL,4
1890,BRS,4
1890,CHC,4
1890,CHP,4
1890,CIN,4
1890,CLV,4
1890,CLI,4
1890,LOU,4
1890,SFG,4
1890,NYI,4
1890,PHA,4
1890,PHI,4
1890,PHQ,4
1890,PIT,4
1890,PBB,4
1890,ROC,4
1890,STL,4
1890,SYS,4
1890,TLM,4
1891,BLO,4
1891,LAD,4
1891,BRS,4
1891,ATL,4
1891,CHC,4
1891,CIN,4
1891,CLV,4
1891,CLS,4
1891,CKK,4
1891,LOU,4
1891,MLA,4
1891,SFG,4
1891,PHQ,4
1891,PHI,4
1891,PIT,4
1891,STL,4
1891,WAS,4
1892,BLO,4
1892,LAD,4
1892,ATL,4
1892,SFG,4
1892,PHI,4
1892,PIT,4
1892,STL,4
1892,WAS,4
1893,BLO,4
1893,LAD,4
1893,ATL,4
1893,CHC,4
1893,CIN,4
1893,CLV,4
1893,LOU,4
1893,SFG,4
1893,PHI,4
1893,PIT,4
1893,STL,4
1893,WAS,4
1894,BLO,4
1894,LAD,4
1894,ATL,4
1894,CHC,4
1894,CIN,4
1894,CLV,4
1894,LOU,4
1894,SFG,4
1894,PHI,4
1894,PIT,4
1894,STL,4
1894,WAS,4
1895,BLO,4
1895,LAD,4
1895,ATL,4
1895,CHC,4
1895,CIN,4
1895,CLV,4
1895,LOU,4
1895,SFG,4
1895,PHI,4
1895,PIT,4
1895,STL,4
1895,WAS,4
1896,BLO,4
1896,LAD,4
1896,ATL,4
1896,CHC,4
1896,CIN,4
1896,CLV,4
1896,LOU,4
1896,SFG,4
1896,PHI,4
1896,PIT,4
1896,STL,4
1896,WAS,4
1897,BLO,4
1897,LAD,4
1897,ATL,4
1897,CHC,4
1897,CIN,4
1897,CLV,4
1897,LOU,4
1897,SFG,4
1897,PHI,4
1897,PIT,4
1897,STL,4
1897,WAS,4
1898,BLO,4
1898,CHC,4
1898,CIN,4
1898,LOU,4
1898,SFG,4
1898,PHI,4
1898,WAS,4
1899,BLO,4
1899,LAD,4
1899,CHC,4
1899,CIN,4
1899,CLV,4
1899,LOU,4
1899,SFG,4
1899,PHI,4
1899,PIT,4
1899,STL,4
1899,WAS,4
1900,LAD,4
1900,ATL,4
1900,CIN,4
1900,SFG,4
1900,PHI,4
1900,STL,4
1901,NYY,4
1901,BOS,4
1901,CHW,4
1901,CLE,4
1901,DET,4
1901,BAL,4
1901,OAK,4
1901,STL,4
1901,MIN,4
1902,NYY,4
1902,OAK,4
1902,MIN,4
1930,PHI,4
1959,LAD,5
1961,CHC,5
1961,ANA,5
1961,LAD,5
1963,BOS,5
1963,CLE,5
1964,BOS,5
1964,CLE,5
1964,OAK,5
1964,MIN,5
1965,BOS,5
1965,CIN,5
1965,PHI,5
1966,CHC,5
1966,CIN,5
1966,DET,5
1969,CIN,5
1969,HOU,5
1969,PHI,5
1969,PIT,5
1970,NYM,5
1970,PHI,5
1970,SDP,5
1970,SFG,5
1970,STL,5
1972,HOU,5
1977,ATL,5
1977,SDP,5
1984,PHI,5
1984,SFG,5
1986,CHC,5
1986,MIN,5
1986,WSN,5
1986,PHI,5
1986,SEA,5
1986,TEX,5
1986,TOR,5
1987,BAL,5
1987,BOS,5
1987,ANA,5
1987,CHC,5
1987,CIN,5
1987,CLE,5
1987,DET,5
1987,HOU,5
1987,MIN,5
1987,MIL,5
1987,WSN,5
1987,NYY,5
1987,NYM,5
1987,OAK,5
1987,PHI,5
1987,SFG,5
1987,TEX,5
1987,TOR,5
1988,NYY,5
1989,TEX,5
1990,ATL,5
1990,NYM,5
1990,TEX,5
1991,BAL,5
1991,CIN,5
1991,DET,5
1991,HOU,5
1991,KCR,5
1991,TEX,5
1992,TEX,5
1993,CIN,5
1993,CLE,5
1993,COL,5
1993,DET,5
1993,NYY,5
1993,OAK,5
1993,PHI,5
1993,PIT,5
1993,SDP,5
1993,SEA,5
1993,TEX,5
1993,TOR,5
1994,ATL,5
1994,BAL,5
1994,BOS,5
1994,ANA,5
1994,CHW,5
1994,CHC,5
1994,CIN,5
1994,CLE,5
1994,COL,5
1994,DET,5
1994,FLA,5
1994,HOU,5
1994,KCR,5
1994,LAD,5
1994,MIN,5
1994,MIL,5
1994,WSN,5
1994,NYY,5
1994,NYM,5
1994,OAK,5
1994,PHI,5
1994,PIT,5
1994,SDP,5
1994,SEA,5
1994,STL,5
1994,TEX,5
1994,TOR,5
1995,ATL,5
1995,BAL,5
1995,BOS,5
1995,ANA,5
1995,CHW,5
1995,CHC,5
1995,CIN,5
1995,CLE,5
1995,COL,5
1995,DET,5
1995,FLA,5
1995,HOU,5
1995,LAD,5
1995,MIN,5
1995,MIL,5
1995,WSN,5
1995,NYY,5
1995,NYM,5
1995,OAK,5
1995,PHI,5
1995,PIT,5
1995,SDP,5
1995,SEA,5
1995,SFG,5
1995,TEX,5
1995,TOR,5
1996,ATL,5
1996,BAL,5
1996,BOS,5
1996,ANA,5
1996,CHW,5
1996,CHC,5
1996,CIN,5
1996,CLE,5
1996,COL,5
1996,DET,5
1996,FLA,5
1996,HOU,5
1996,KCR,5
1996,LAD,5
1996,MIN,5
1996,MIL,5
1996,WSN,5
1996,NYY,5
1996,NYM,5
1996,OAK,5
1996,PHI,5
1996,PIT,5
1996,SDP,5
1996,SEA,5
1996,SFG,5
1996,STL,5
1996,TEX,5
1996,TOR,5
1997,ANA,5
1997,ATL,5
1997,BAL,5
1997,BOS,5
1997,CHW,5
1997,CHC,5
1997,CIN,5
1997,CLE,5
1997,COL,5
1997,DET,5
1997,FLA,5
1997,HOU,5
1997,KCR,5
1997,LAD,5
1997,MIN,5
1997,MIL,5
1997,WSN,5
1997,NYY,5
1997,NYM,5
1997,OAK,5
1997,PHI,5
1997,PIT,5
1997,SDP,5
1997,SEA,5
1997,SFG,5
1997,STL,5
1997,TEX,5
1997,TOR,5
1998,ANA,5
1998,ARI,5
1998,ATL,5
1998,BAL,5
1998,BOS,5
1998,CHW,5
1998,CHC,5
1998,CIN,5
1998,CLE,5
1998,COL,5
1998,DET,5
1998,FLA,5
1998,HOU,5
1998,KCR,5
1998,LAD,5
1998,MIL,5
1998,MIN,5
1998,WSN,5
1998,NYY,5
1998,NYM,5
1998,OAK,5
1998,PHI,5
1998,PIT,5
1998,SDP,5
1998,SEA,5
1998,SFG,5
1998,STL,5
1998,TBD,5
1998,TEX,5
1998,TOR,5
1999,ANA,5
1999,ARI,5
1999,ATL,5
1999,BAL,5
1999,BOS,5
1999,CHW,5
1999,CHC,5
1999,CIN,5
1999,CLE,5
1999,COL,5
1999,DET,5
1999,FLA,5
1999,HOU,5
1999,KCR,5
1999,LAD,5
1999,MIL,5
1999,MIN,5
1999,WSN,5
1999,NYY,5
1999,NYM,5
1999,OAK,5
1999,PHI,5
1999,PIT,5
1999,SDP,5
1999,SEA,5
1999,SFG,5
1999,STL,5
1999,TBD,5
1999,TEX,5
1999,TOR,5
2000,ANA,5
2000,ARI,5
2000,ATL,5
2000,BAL,5
2000,BOS,5
2000,CHW,5
2000,CHC,5
2000,CIN,5
2000,CLE,5
2000,COL,5
2000,DET,5
2000,FLA,5
2000,HOU,5
2000,KCR,5
2000,LAD,5
2000,MIL,5
2000,MIN,5
2000,WSN,5
2000,NYY,5
2000,NYM,5
2000,OAK,5
2000,PHI,5
2000,PIT,5
2000,SDP,5
2000,SEA,5
2000,SFG,5
2000,STL,5
2000,TBD,5
2000,TEX,5
2000,TOR,5
2001,ANA,5
2001,ARI,5
2001,ATL,5
2001,BAL,5
2001,BOS,5
2001,CHW,5
2001,CHC,5
2001,CIN,5
2001,CLE,5
2001,COL,5
2001,DET,5
2001,FLA,5
2001,HOU,5
2001,KCR,5
2001,LAD,5
2001,MIL,5
2001,MIN,5
2001,WSN,5
2001,NYY,5
2001,NYM,5
2001,OAK,5
2001,PHI,5
2001,PIT,5
2001,SDP,5
2001,SEA,5
2001,SFG,5
2001,STL,5
2001,TBD,5
2001,TEX,5
2001,TOR,5
2002,ARI,5
2002,ATL,5
2002,BAL,5
2002,BOS,5
2002,CHW,5
2002,CHC,5
2002,CIN,5
2002,CLE,5
2002,COL,5
2002,FLA,5
2002,HOU,5
2002,KCR,5
2002,LAD,5
2002,MIL,5
2002,MIN,5
2002,WSN,5
2002,NYY,5
2002,NYM,5
2002,OAK,5
2002,PHI,5
2002,PIT,5
2002,SDP,5
2002,SEA,5
2002,TBD,5
2002,TEX,5
2002,TOR,5
2003,ARI,5
2003,ATL,5
2003,BAL,5
2003,BOS,5
2003,CHW,5
2003,CHC,5
2003,CIN,5
2003,CLE,5
2003,COL,5
2003,DET,5
2003,FLA,5
2003,HOU,5
2003,KCR,5
2003,LAD,5
2003,MIL,5
2003,MIN,5
2003,WSN,5
2003,NYY,5
2003,PHI,5
2003,PIT,5
2003,SDP,5
2003,SEA,5
2003,SFG,5
2003,STL,5
2003,TBD,5
2003,TEX,5
2003,TOR,5
2004,ANA,5
2004,ARI,5
2004,ATL,5
2004,BAL,5
2004,BOS,5
2004,CHW,5
2004,CHC,5
2004,CIN,5
2004,CLE,5
2004,COL,5
2004,DET,5
2004,FLA,5
2004,HOU,5
2004,KCR,5
2004,LAD,5
2004,MIL,5
2004,MIN,5
2004,WSN,5
2004,NYY,5
2004,NYM,5
2004,OAK,5
2004,PHI,5
2004,PIT,5
2004,SDP,5
2004,SEA,5
2004,SFG,5
2004,STL,5
2004,TBD,5
2004,TEX,5
2004,TOR,5
2005,ARI,5
2005,ATL,5
2005,BAL,5
2005,BOS,5
2005,CHW,5
2005,CHC,5
2005,CIN,5
2005,CLE,5
2005,COL,5
2005,DET,5
2005,FLA,5
2005,HOU,5
2005,KCR,5
2005,ANA,5
2005,LAD,5
2005,MIL,5
2005,NYY,5
2005,NYM,5
2005,PHI,5
2005,PIT,5
2005,SDP,5
2005,TBD,5
2005,TEX,5
2005,TOR,5
2005,WSN,5
2006,ARI,5
2006,ATL,5
2006,BAL,5
2006,BOS,5
2006,CHW,5
2006,CHC,5
2006,CIN,5
2006,CLE,5
2006,COL,5
2006,DET,5
2006,FLA,5
2006,HOU,5
2006,KCR,5
2006,ANA,5
2006,LAD,5
2006,MIL,5
2006,MIN,5
2006,NYY,5
2006,NYM,5
2006,OAK,5
2006,PHI,5
2006,PIT,5
2006,SDP,5
2006,SEA,5
2006,SFG,5
2006,STL,5
2006,TBD,5
2006,TEX,5
2006,TOR,5
2006,WSN,5
2007,ARI,5
2007,ATL,5
2007,BAL,5
2007,BOS,5
2007,CHW,5
2007,CHC,5
2007,CIN,5
2007,CLE,5
2007,COL,5
2007,DET,5
2007,FLA,5
2007,HOU,5
2007,KCR,5
2007,ANA,5
2007,LAD,5
2007,MIL,5
2007,MIN,5
2007,NYY,5
2007,NYM,5
2007,OAK,5
2007,PHI,5
2007,PIT,5
2007,SDP,5
2007,SEA,5
2007,SFG,5
2007,STL,5
2007,TBD,5
2007,TEX,5
2007,TOR,5
2007,WSN,5
2008,ARI,5
2008,ATL,5
2008,BAL,5
2008,BOS,5
2008,CHW,5
2008,CHC,5
2008,CIN,5
2008,CLE,5
2008,COL,5
2008,DET,5
2008,FLA,5
2008,HOU,5
2008,KCR,5
2008,ANA,5
2008,LAD,5
2008,MIL,5
2008,MIN,5
2008,NYY,5
2008,NYM,5
2008,OAK,5
2008,PHI,5
2008,PIT,5
2008,SDP,5
2008,SEA,5
2008,SFG,5
2008,STL,5
2008,TBD,5
2008,TEX,5
2008,TOR,5
2008,WSN,5
2009,ARI,5
2009,ATL,5
2009,BAL,5
2009,BOS,5
2009,CHW,5
2009,CHC,5
2009,CIN,5
2009,CLE,5
2009,COL,5
2009,DET,5
2009,FLA,5
2009,HOU,5
2009,KCR,5
2009,ANA,5
2009,LAD,5
2009,MIL,5
2009,MIN,5
2009,NYY,5
2009,NYM,5
2009,OAK,5
2009,PHI,5
2009,PIT,5
2009,SDP,5
2009,SEA,5
2009,SFG,5
2009,STL,5
2009,TBD,5
2009,TEX,5
2009,TOR,5
2009,WSN,5
2010,ARI,5
2010,ATL,5
2010,BAL,5
2010,BOS,5
2010,CHW,5
2010,CHC,5
2010,CIN,5
2010,CLE,5
2010,COL,5
2010,DET,5
2010,FLA,5
2010,HOU,5
2010,KCR,5
2010,ANA,5
2010,LAD,5
2010,MIL,5
2010,MIN,5
2010,NYY,5
2010,NYM,5
2010,OAK,5
2010,PHI,5
2010,PIT,5
2010,SDP,5
2010,SEA,5
2010,SFG,5
2010,STL,5
2010,TBD,5
2010,TEX,5
2010,TOR,5
2010,WSN,5
2011,ARI,5
2011,ATL,5
2011,BAL,5
2011,BOS,5
2011,CHW,5
2011,CHC,5
2011,CIN,5
2011,CLE,5
2011,COL,5
2011,DET,5
2011,FLA,5
2011,HOU,5
2011,KCR,5
2011,ANA,5
2011,LAD,5
2011,MIL,5
2011,MIN,5
2011,NYY,5
2011,NYM,5
2011,OAK,5
2011,PHI,5
2011,PIT,5
2011,SDP,5
2011,SEA,5
2011,SFG,5
2011,STL,5
2011,TBD,5
2011,TEX,5
2011,TOR,5
2011,WSN,5
2012,ARI,5
2012,ATL,5
2012,BAL,5
2012,BOS,5
2012,CHW,5
2012,CHC,5
2012,CIN,5
2012,CLE,5
2012,COL,5
2012,DET,5
2012,HOU,5
2012,KCR,5
2012,ANA,5
2012,LAD,5
2012,FLA,5
2012,MIL,5
2012,MIN,5
2012,NYY,5
2012,NYM,5
2012,OAK,5
2012,PHI,5
2012,PIT,5
2012,SDP,5
2012,SEA,5
2012,SFG,5
2012,STL,5
2012,TBD,5
2012,TEX,5
2012,TOR,5
2012,WSN,5
2013,ARI,5
2013,ATL,5
2013,BAL,5
2013,BOS,5
2013,CHW,5
2013,CHC,5
2013,CIN,5
2013,CLE,5
2013,COL,5
2013,DET,5
2013,HOU,5
2013,KCR,5
2013,ANA,5
2013,LAD,5
2013,FLA,5
2013,MIL,5
2013,MIN,5
2013,NYY,5
2013,NYM,5
2013,OAK,5
2013,PHI,5
2013,PIT,5
2013,SDP,5
2013,SEA,5
2013,SFG,5
2013,STL,5
2013,TBD,5
2013,TEX,5
2013,TOR,5
2013,WSN,5
2014,ARI,5
2014,ATL,5
2014,BAL,5
2014,BOS,5
2014,CHW,5
2014,CHC,5
2014,CIN,5
2014,CLE,5
2014,COL,5
2014,DET,5
2014,HOU,5
2014,KCR,5
2014,ANA,5
2014,LAD,5
2014,FLA,5
2014,MIL,5
2014,MIN,5
2014,NYY,5
2014,NYM,5
2014,OAK,5
2014,PHI,5
2014,PIT,5
2014,SDP,5
2014,SEA,5
2014,SFG,5
2014,STL,5
2014,TBD,5
2014,TEX,5
2014,TOR,5
2014,WSN,5
1886,BLO,6
1886,SFG,6
1886,NYP,6
1886,PHI,6
1886,PIT,6
1886,SLM,6
1886,WNL,6
1888,LAD,6
1888,ATL,6
1888,CHC,6
1888,SFG,6
1888,PHI,6
1888,PIT,6
1888,STL,6
1888,WNL,6
1890,BLO,6
1890,CLS,6
1892,CHC,6
1892,CIN,6
1892,CLV,6
1892,LOU,6
1898,CLV,6
1898,PIT,6
1900,CHC,6
1900,PIT,6
1901,ATL,6
1901,CHC,6
1901,SFG,6
1901,PHI,6
1901,PIT,6
1902,LAD,6
1902,ATL,6
1902,CHW,6
1902,CHC,6
1902,CIN,6
1902,DET,6
1902,SFG,6
1902,PHI,6
1902,PIT,6
1902,BAL,6
1902,STL,6
1903,BOS,6
1903,CHW,6
1903,CLE,6
1903,DET,6
1903,NYY,6
1903,OAK,6
1903,BAL,6
1903,MIN,6
1904,BOS,6
1904,CHW,6
1904,CLE,6
1904,DET,6
1904,NYY,6
1904,OAK,6
1904,BAL,6
1904,MIN,6
1910,LAD,6
1910,ATL,6
1910,CHC,6
1910,CIN,6
1910,SFG,6
1910,PHI,6
1910,PIT,6
1910,STL,6
1911,LAD,6
1911,CHC,6
1911,CIN,6
1911,SFG,6
1911,PHI,6
1911,PIT,6
1911,STL,6
1912,LAD,6
1912,CHC,6
1912,CIN,6
1912,SFG,6
1912,PHI,6
1912,PIT,6
1913,BOS,6
1913,LAD,6
1913,ATL,6
1913,CHW,6
1913,CHC,6
1913,CIN,6
1913,CLE,6
1913,DET,6
1913,SFG,6
1913,NYY,6
1913,OAK,6
1913,PHI,6
1913,PIT,6
1913,BAL,6
1913,STL,6
1913,MIN,6
1914,BLT,6
1914,BOS,6
1914,BTT,6
1914,LAD,6
1914,ATL,6
1914,BFL,6
1914,CHW,6
1914,CHH,6
1914,CHC,6
1914,CIN,6
1914,CLE,6
1914,DET,6
1914,NEW,6
1914,KCP,6
1914,SFG,6
1914,NYY,6
1914,OAK,6
1914,PHI,6
1914,PIT,6
1914,PBS,6
1914,BAL,6
1914,SLI,6
1914,STL,6
1914,MIN,6
1915,BLT,6
1915,BOS,6
1915,BTT,6
1915,LAD,6
1915,ATL,6
1915,BFL,6
1915,CHW,6
1915,CHH,6
1915,CHC,6
1915,CIN,6
1915,CLE,6
1915,DET,6
1915,KCP,6
1915,NEW,6
1915,SFG,6
1915,NYY,6
1915,OAK,6
1915,PHI,6
1915,PIT,6
1915,PBS,6
1915,BAL,6
1915,SLI,6
1915,STL,6
1915,MIN,6
1916,BOS,6
1916,LAD,6
1916,ATL,6
1916,CHW,6
1916,CHC,6
1916,CIN,6
1916,CLE,6
1916,DET,6
1916,SFG,6
1916,NYY,6
1916,OAK,6
1916,PHI,6
1916,PIT,6
1916,BAL,6
1916,STL,6
1916,MIN,6
1917,BOS,6
1917,LAD,6
1917,ATL,6
1917,CHW,6
1917,CHC,6
1917,CIN,6
1917,CLE,6
1917,DET,6
1917,SFG,6
1917,NYY,6
1917,OAK,6
1917,PHI,6
1917,PIT,6
1917,BAL,6
1917,STL,6
1917,MIN,6
1918,BOS,6
1918,LAD,6
1918,ATL,6
1918,CHW,6
1918,CHC,6
1918,CIN,6
1918,CLE,6
1918,DET,6
1918,SFG,6
1918,NYY,6
1918,OAK,6
1918,PHI,6
1918,PIT,6
1918,BAL,6
1918,STL,6
1918,MIN,6
1919,BOS,6
1919,LAD,6
1919,ATL,6
1919,CHW,6
1919,CHC,6
1919,CIN,6
1919,CLE,6
1919,DET,6
1919,SFG,6
1919,NYY,6
1919,OAK,6
1919,PIT,6
1919,BAL,6
1919,STL,6
1919,MIN,6
1920,LAD,6
1920,ATL,6
1920,CHC,6
1920,CIN,6
1920,SFG,6
1920,PIT,6
1921,CIN,6
1926,LAD,6
1926,CHC,6
1926,OAK,6
1927,LAD,6
1928,LAD,6
1931,ATL,6
1933,ATL,6
1933,CHC,6
1933,CIN,6
1933,SFG,6
1937,ATL,6
1937,CIN,6
1938,ATL,6
1940,CIN,6
1940,PHI,6
1941,CHC,6
1941,CIN,6
1942,LAD,6
1942,ATL,6
1942,CHW,6
1942,CIN,6
1942,CLE,6
1942,DET,6
1942,SFG,6
1942,NYY,6
1942,PHI,6
1942,PIT,6
1942,STL,6
1943,BOS,6
1943,ATL,6
1943,CHW,6
1943,CHC,6
1943,CIN,6
1943,CLE,6
1943,DET,6
1943,NYY,6
1943,OAK,6
1943,PHI,6
1943,PIT,6
1943,BAL,6
1943,STL,6
1943,MIN,6
1944,ATL,6
1944,CHW,6
1944,CIN,6
1944,DET,6
1944,OAK,6
1944,PHI,6
1944,BAL,6
1944,STL,6
1944,MIN,6
1945,CHW,6
1945,CHC,6
1945,CLE,6
1945,DET,6
1945,NYY,6
1945,OAK,6
1945,BAL,6
1945,MIN,6
1946,LAD,6
1946,ATL,6
1946,CHW,6
1946,CHC,6
1946,CIN,6
1946,SFG,6
1946,OAK,6
1946,PHI,6
1946,PIT,6
1946,STL,6
1947,CHW,6
1947,CLE,6
1947,DET,6
1947,OAK,6
1947,PHI,6
1947,BAL,6
1947,MIN,6
1949,CLE,6
1951,CIN,6
1951,NYY,6
1952,CHW,6
1952,PHI,6
1952,STL,6
1952,MIN,6
1953,CHW,6
1953,MIN,6
1954,CHW,6
1954,DET,6
1954,PHI,6
1972,NYY,6
1976,KCR,6
1976,NYY,6
1976,SDP,6
1978,KCR,6
1981,KCR,6
